1,2268318,2520377,pv,1511544070
1,2333346,2520771,pv,1511561733
1,2576651,149192,pv,1511572885
1,3830808,4181361,pv,1511593493
1,4365585,2520377,pv,1511596146
1,4606018,2735466,pv,1511616481
1,230380,411153,pv,1511644942
1,3827899,2920476,pv,1511713473
1,3745169,2891509,pv,1511725471
1,1531036,2920476,pv,1511733732
1,2266567,4145813,pv,1511741471
1,2951368,1080785,pv,1511750828
1,3108797,2355072,pv,1511758881
1,1338525,149192,pv,1511773214
1,2286574,2465336,pv,1511797167
1,5002615,2520377,pv,1511839385
1,2734026,4145813,pv,1511842184
1,5002615,2520377,pv,1511844273
1,3239041,2355072,pv,1511855664
1,4615417,4145813,pv,1511870864
1,4152983,2355072,pv,1511871096
1,266784,2520771,pv,1511884553
1,46259,149192,pv,1511892772
1,266784,2520771,pv,1511909676
1,4092065,2355072,pv,1511910242
1,1305059,2520771,pv,1511911930
1,2791761,2355072,pv,1511914689
1,3239041,2355072,pv,1511939239
1,46259,149192,pv,1511940971
1,4973305,2520771,pv,1511969365
1,2087357,2131531,pv,1511975142
1,3157558,2520771,pv,1511984943
1,2087357,2131531,pv,1512004568
1,4170517,149192,pv,1512011019
1,1340922,4690421,pv,1512041260
1,3911125,982926,pv,1512044958
1,4170517,149192,pv,1512049438
1,3682069,4690421,pv,1512059832
1,4954999,411153,pv,1512061318
1,79715,2355072,pv,1512064350
1,4666650,4756105,pv,1512084223
1,1323189,3524510,pv,1512149435
1,4198227,1320293,pv,1512149929
1,4954999,411153,pv,1512172732
1,2041056,4801426,pv,1512187543
1,3219016,3002561,pv,1512190033
1,2104483,4756105,pv,1512194830
1,2028434,4801426,pv,1512224248
1,3219016,3002561,pv,1512244023
1,2278603,3002561,pv,1512251522
1,929177,4801426,pv,1512252443
1,4954999,411153,pv,1512264993
1,818610,411153,pv,1512268502
1,271696,411153,pv,1512272591
1,568695,1320293,pv,1512281847
100,4572582,2188684,pv,1511550516
100,2971043,4869428,pv,1511550600
100,2379198,4869428,pv,1511550806
100,2971043,4869428,pv,1511550885
100,1220136,4869428,pv,1511550908
100,2518420,3425094,pv,1511551443
100,3763048,3425094,pv,1511551450
100,2518420,3425094,pv,1511551495
100,1953042,3425094,pv,1511551619
100,3763048,3425094,fav,1511551860
100,5100093,2945933,pv,1511552352
100,704268,223690,pv,1511563606
100,4115850,223690,fav,1511563834
100,2379198,4869428,pv,1511564961
100,2971043,4869428,fav,1511565222
100,1803559,1813868,pv,1511576533
100,1603476,2951233,buy,1511579908
100,3621238,1521931,pv,1511582166
100,2971043,4869428,buy,1511617549
100,2337874,1194311,pv,1511680485
100,4182583,1258177,pv,1511680521
100,2758020,2429887,pv,1511683649
100,4919803,2881542,pv,1511684032
100,3839112,2881542,pv,1511684109
100,4848310,2881542,pv,1511684220
100,3245421,2881542,pv,1511684245
100,2434962,3897386,pv,1511690835
100,3486895,4302328,pv,1511702025
100,3245421,2881542,pv,1511704155
100,3222578,2429887,pv,1511739395
100,2758020,2429887,pv,1511739402
100,2158340,2429887,pv,1511742127
100,2337874,1194311,pv,1511742199
100,3245421,2881542,fav,1511742273
100,2758020,2429887,pv,1511742275
100,3245421,2881542,pv,1511742513
100,2752250,2429887,pv,1511742799
100,2158340,2429887,fav,1511742875
100,598929,2429887,pv,1511742899
100,4182583,1258177,pv,1511745391
100,1819306,1194311,pv,1511745401
100,4182583,1258177,pv,1511750991
100,2337874,1194311,pv,1511751022
100,3658601,2342116,pv,1511757958
100,5153036,2342116,pv,1511758581
100,598929,2429887,buy,1511759458
100,3245421,2881542,pv,1511759664
100,598929,2429887,pv,1511765548
100,2971043,4869428,pv,1511765568
100,4661590,3425094,pv,1511765639
100,4902636,3425094,pv,1511765659
100,1046201,3002561,pv,1511765687
100,3687011,223690,pv,1511765918
100,2677866,3624696,pv,1511766122
100,4492008,4482016,pv,1511766135
100,2690154,2293367,pv,1511766238
100,4341929,2293367,fav,1511766408
100,4863356,2293367,pv,1511766426
100,4244099,2293367,pv,1511766434
100,562760,2293367,pv,1511766436
100,4863356,2293367,pv,1511766455
100,1640913,2293367,pv,1511766462
100,2206711,2293367,pv,1511766473
100,3895389,2293367,pv,1511766505
100,1046201,3002561,buy,1511767298
100,2434962,3897386,pv,1511768604
100,3245421,2881542,pv,1511771412
100,2434962,3897386,pv,1511773049
100,3629289,2881542,pv,1511774038
100,4075065,2881542,pv,1511774179
100,1606258,4098232,buy,1511789940
100,4840649,1029459,buy,1511790130
100,2574432,4896062,pv,1511790389
100,251391,3738615,buy,1511790782
100,510936,1575622,pv,1511790915
100,251391,3738615,pv,1511790928
100,4840649,1029459,pv,1511790973
100,3245421,2881542,pv,1511823877
100,4075065,2881542,pv,1511823917
100,251391,3738615,pv,1511824489
100,1606258,4098232,pv,1511824712
100,4075065,2881542,buy,1511833877
100,4840649,1029459,pv,1511868574
100,251391,3738615,pv,1511868672
100,4075065,2881542,pv,1511868722
100,1606258,4098232,pv,1511868772
100,1046201,3002561,pv,1511868784
100,251391,3738615,pv,1511929658
100,4840649,1029459,pv,1511929671
100,1606258,4098232,pv,1511929678
100,137999,4640311,pv,1512123219
100,1203280,4640311,pv,1512123340
100,2322855,3299155,pv,1512137970
100,4140845,2096639,pv,1512173626
100,3656511,3312150,pv,1512177480
100,2772937,3114694,pv,1512192261
100,2859169,2096639,pv,1512201298
100,1212558,2188684,pv,1512303987
1000,1385281,2352202,pv,1511541853
1000,5120034,1051370,cart,1511542034
1000,1953489,238434,pv,1511543045
1000,408860,551706,pv,1511543246
1000,4590199,4338287,pv,1511543742
1000,1976168,4338287,pv,1511543773
1000,4590199,4338287,pv,1511543777
1000,3722942,1051370,pv,1511570091
1000,3059682,2440115,pv,1511571595
1000,4774231,1312642,pv,1511571599
1000,2599546,3995452,fav,1511571647
1000,1501998,4382196,pv,1511656892
1000,2593031,1029459,pv,1511657118
1000,1797452,3624696,fav,1511657192
1000,3869395,1349561,pv,1511657410
1000,3302343,2342116,pv,1511657664
1000,5120034,1051370,pv,1511744280
1000,1186274,2939262,fav,1511744330
1000,4417931,4558987,pv,1511744491
1000,4769300,2430608,pv,1511745166
1000,2956844,2419959,fav,1511865506
1000,544269,2419959,pv,1511865555
1000,2956844,2419959,pv,1511865567
1000,4402665,1789614,pv,1511865925
1000,3011372,1349561,pv,1511865958
1000,4487355,1653613,fav,1511866709
1000,4185482,1653613,pv,1511874610
1000,2594546,1851156,pv,1511932926
1000,3255674,2440115,pv,1511933559
1000,2153891,1051370,pv,1511935123
1000,1925478,171529,pv,1511944345
1000,4793529,238434,pv,1511967232
1000,4827739,1051370,fav,1511972085
1000,843246,1879194,cart,1511972134
1000,848341,5071267,pv,1511972325
1000,203347,1851156,pv,1511974144
1000,4950759,411153,pv,1512039862
1000,2033067,3579754,pv,1512040022
1000,1822774,3579754,pv,1512040382
1000,543879,3579754,pv,1512040450
1000,462579,3579754,pv,1512040470
1000,1822774,3579754,pv,1512040518
1000,4720367,3579754,pv,1512041216
1000,1520357,3579754,pv,1512041447
1000,1373387,1202097,pv,1512041462
1000,1109842,3579754,pv,1512041625
1000,2196555,2430608,pv,1512042012
1000,4240134,2939262,pv,1512042734
1000,1907674,1851156,pv,1512042775
1000,1922292,4993094,fav,1512042934
1000,2033067,3579754,pv,1512043285
1000,4778761,2982027,pv,1512043597
1000,2663756,1299190,pv,1512043850
1000,4064135,1299190,fav,1512043880
1000,2663756,1299190,pv,1512043956
1000,620939,2352202,pv,1512043971
1000,2339773,1851156,pv,1512044079
1000,4444531,1851156,pv,1512044242
1000,694225,807138,pv,1512044563
1000,4599135,245312,pv,1512228047
1000,3532002,1299190,pv,1512228210
1000,3872382,1879194,fav,1512228264
1000,2412328,1879194,pv,1512228361
1000,3532002,1299190,pv,1512228449
1000,3877041,5053508,pv,1512228777
1000,308742,1864538,pv,1512229535
1000,3214150,5071267,pv,1512229711
1000,2340930,1051370,fav,1512229780
1000,1409153,5071267,pv,1512229806
1000,2340930,1051370,pv,1512230614
1000,1585986,1299190,pv,1512230625
1000,3259125,1851156,fav,1512230930
1000,3595165,1879194,pv,1512261579
1000,3899295,1879194,pv,1512261591
1000,2757984,1879194,pv,1512261604
1000,4236281,1879194,pv,1512261632
1000,3595165,1879194,pv,1512261670
1000,1064699,337243,pv,1512262246
1000,3172476,5071267,fav,1512262537
1000,1420706,2322253,pv,1512263754
1000,3507039,2086128,pv,1512263887
1000001,1649625,4145813,pv,1511800929
1000001,250452,4145813,pv,1511802582
1000001,1649625,4145813,pv,1511802711
1000001,3093290,4145813,pv,1511837788
1000001,4343896,4756105,pv,1511881700
1000001,3132168,154040,pv,1511881851
1000001,1582853,4173315,pv,1511881921
1000001,4567929,154040,pv,1511881980
1000001,2895228,154040,pv,1511882067
1000001,823063,154040,pv,1511882139
1000001,2999487,1973012,pv,1511924532
1000001,1339050,4145813,pv,1511964945
1000001,4636765,3004853,pv,1511965566
1000001,2428634,3004853,pv,1511965748
1000001,4636765,3004853,pv,1511965786
1000001,1112446,3004853,pv,1511965811
1000001,1678636,154040,pv,1511966514
1000001,1546182,154040,pv,1511966625
1000001,4636765,3004853,pv,1512018256
1000001,2527684,3004853,pv,1512018272
1000001,1649625,4145813,pv,1512051293
1000001,1542066,2926020,pv,1512052936
1000001,1649625,4145813,pv,1512117398
1000001,1542066,2926020,pv,1512137168
1000001,1649625,4145813,pv,1512209815
1000001,778160,4145813,pv,1512209978
1000001,4088463,174239,pv,1512261643
1000001,4418456,174239,pv,1512262033
1000001,4340362,174239,pv,1512262071
1000001,1554801,2926020,pv,1512263339
1000001,5081961,634390,pv,1512263483
1000001,4210726,2926020,pv,1512263670
1000001,4088463,174239,buy,1512264173
1000001,5095065,1216617,pv,1512264337
1000001,584577,1836480,pv,1512265168
1000004,2156592,3607361,pv,1511539241
1000004,1591982,672001,pv,1511539333
1000004,3854178,4181361,pv,1511571789
1000004,3999536,4756105,cart,1511571820
1000004,4426549,672001,pv,1511571838
1000004,1591982,672001,pv,1511571841
1000004,864562,4261392,pv,1511624303
1000004,2980887,3607361,cart,1511669671
1000004,4324270,3607361,pv,1511669729
1000004,2942146,3381933,pv,1511669739
1000004,4839543,982926,pv,1511669751
1000004,1133834,982926,pv,1511669775
1000004,4839543,982926,pv,1511669784
1000004,59883,4818107,pv,1511669796
1000004,4317893,1117956,pv,1511669818
1000004,950087,982926,pv,1511669828
1000004,4093990,3607361,pv,1511672939
1000004,522765,3607361,pv,1511672951
1000004,4763968,2355072,pv,1511672973
1000004,4093990,3607361,pv,1511672981
1000004,955594,1320293,pv,1511703217
1000004,2473596,4756105,pv,1511703252
1000004,2998425,1080785,pv,1511703261
1000004,1226070,1080785,pv,1511703277
1000004,2053091,1080785,pv,1511703391
1000004,4763968,2355072,pv,1511703434
1000004,1956224,4801426,pv,1511703443
1000004,40945,4756105,pv,1511703467
1000004,4192217,3607361,pv,1511703639
1000004,4823342,4173315,pv,1511703672
1000004,105055,1080785,pv,1511704082
1000004,162597,2355072,pv,1511704152
1000004,5028560,4173315,pv,1511704161
1000004,2526169,2355072,pv,1511704173
1000004,925404,3002561,pv,1511704194
1000004,1591982,672001,pv,1511707145
1000004,3693424,672001,pv,1511707152
1000004,3999536,4756105,pv,1511712361
1000004,1839512,1320293,pv,1511785444
1000004,4686539,149192,pv,1511785453
1000004,1839512,1320293,pv,1511785456
1000004,2765156,4112095,pv,1511965009
1000004,522765,3607361,pv,1511966013
1000004,2980887,3607361,pv,1511966037
1000004,1228106,4801426,pv,1511966082
1000004,4324270,3607361,pv,1511966092
1000004,5125742,3607361,pv,1511966096
1000004,571666,4756105,pv,1511966112
1000004,1975544,2355072,pv,1511966126
1000004,4324270,3607361,pv,1511966135
1000004,1757180,3607361,pv,1511966181
1000004,899145,3607361,pv,1511966192
1000004,2111992,1080785,pv,1511966212
1000004,1317750,1080785,cart,1511966265
1000004,4457235,1080785,pv,1511966306
1000004,1317750,1080785,pv,1511966317
1000004,1080797,3607361,pv,1511966390
1000004,479737,2355072,pv,1511966417
1000004,1863103,2355072,pv,1511966424
1000004,4363399,2355072,pv,1511966491
1000004,3417098,2355072,pv,1511966504
1000004,1757180,3607361,pv,1511966528
1000004,3235373,2355072,pv,1511966582
1000004,955501,149192,pv,1511966621
1000004,996928,2520377,pv,1511966627
1000004,4322536,4801426,pv,1511966636
1000004,955501,149192,pv,1511966656
1000004,3525158,737184,pv,1511966667
1000004,4823342,4173315,pv,1511966674
1000004,3525158,737184,pv,1511966686
1000004,955594,1320293,pv,1511966711
1000004,2187324,149192,pv,1511966731
1000004,2072281,1320293,pv,1511966748
1000004,2187324,149192,pv,1511966765
1000004,1317750,1080785,pv,1511966797
1000004,40945,4756105,pv,1511966884
1000004,3999536,4756105,pv,1511966891
1000004,4948650,982926,pv,1511967014
1000004,2750431,149192,pv,1511967048
1000004,3950842,4756105,pv,1511967069
1000004,1047994,2355072,pv,1511967078
1000004,2086446,1080785,pv,1511967088
1000004,2053091,1080785,pv,1511967125
1000004,155433,1320293,pv,1511967143
1000004,3404302,4756105,pv,1511967227
1000004,2104182,3459125,pv,1511967326
1000004,372559,4462359,pv,1511967411
1000004,2623735,2806049,pv,1511967459
1000004,5150592,672001,pv,1511967532
1000004,1591982,672001,pv,1511967538
1000004,1709587,672001,pv,1511967609
1000004,1928635,4181361,pv,1511967787
1000004,5064213,2355072,pv,1511967853
1000004,797408,672001,pv,1511967979
1000004,1317750,1080785,pv,1512057756
1000004,5098344,3607361,pv,1512057851
1000004,3600228,3607361,pv,1512057971
1000004,2053091,1080785,pv,1512058072
1000004,3854178,4181361,pv,1512058227
1000004,1093023,4756105,pv,1512058507
1000004,1317750,1080785,pv,1512104079
1000004,342576,1080785,pv,1512175255
1000004,755883,2355072,pv,1512175299
1000004,1848924,2355072,pv,1512175311
1000004,2003884,1320293,pv,1512175328
1000004,3130844,1379146,pv,1512175502
1000004,3704153,3607361,pv,1512175602
1000004,3894780,3607361,pv,1512175645
1000004,4445384,1080785,pv,1512175652
1000004,1994706,1080785,pv,1512175732
1000004,4468378,3645362,pv,1512175853
1000004,1508681,4181361,pv,1512175921
1000004,2649069,3002561,pv,1512176019
1000004,1249526,3002561,pv,1512176031
1000004,3499937,3607361,pv,1512222036
1000004,1009181,3002561,pv,1512222043
1000004,2980887,3607361,pv,1512222060
1000004,2530508,3607361,pv,1512222070
1000004,2050919,2355072,pv,1512222079
1000004,1734054,2939262,pv,1512222127
1000004,4802868,2355072,pv,1512222152
1000004,479737,2355072,pv,1512222308
1000004,1913554,737184,pv,1512222400
1000004,5134190,3607361,pv,1512274968
1000004,1080797,3607361,pv,1512274980
1000004,1263902,3607361,pv,1512274992
1000004,1317750,1080785,pv,1512286602
1000004,4457235,1080785,pv,1512286615
1000004,1317750,1080785,pv,1512286623
1000011,3991727,3108044,buy,1511572004
1000011,1882842,590997,pv,1511572034
1000011,387414,590997,pv,1511572077
1000011,1345921,2578647,pv,1511572164
1000011,3450365,4339722,pv,1511574950
1000011,4683193,2578647,pv,1511575080
1000011,3993081,4827537,pv,1511576866
1000011,1345921,2578647,pv,1511578737
1000011,1386216,2578647,pv,1511581182
1000011,1345921,2578647,pv,1511581197
1000011,106742,4339722,pv,1511581221
1000011,1345921,2578647,pv,1511581226
1000011,106154,4339722,pv,1511581267
1000011,1345921,2578647,pv,1511581270
1000011,3968124,2578647,pv,1511581318
1000011,4023750,4339722,pv,1511581403
1000011,3901073,4339722,pv,1511581419
1000011,106742,4339722,pv,1511581582
1000011,841993,3108044,pv,1511581707
1000011,106742,4339722,fav,1511582771
1000011,1345921,2578647,pv,1511582982
1000011,106742,4339722,pv,1511587279
1000011,3991727,3108044,pv,1511589106
1000011,4712342,359388,pv,1511589336
1000011,4320095,1397912,pv,1511589478
1000011,3738566,1792277,pv,1511589484
1000011,3993081,4827537,pv,1511597648
1000011,387414,590997,fav,1511603057
1000011,1686875,590997,pv,1511603076
1000011,404297,2578647,pv,1511603167
1000011,387414,590997,pv,1511603205
1000011,404297,2578647,fav,1511603262
1000011,387414,590997,pv,1511603264
1000011,3581811,590997,pv,1511603267
1000011,106742,4339722,pv,1511603281
1000011,404297,2578647,pv,1511603336
1000011,106742,4339722,pv,1511603725
1000011,404297,2578647,pv,1511603752
1000011,106742,4339722,pv,1511603878
1000011,404297,2578647,buy,1511603941
1000011,4802280,4827537,pv,1511603988
1000011,1705898,4827537,pv,1511604021
1000011,3993081,4827537,pv,1511604034
1000011,404297,2578647,pv,1511652741
1000011,2063292,1595193,pv,1511652790
1000011,3993081,4827537,pv,1511655595
1000011,1686875,590997,pv,1511660922
1000011,3531412,590997,pv,1511660973
1000011,293346,1595193,pv,1511661025
1000011,3993081,4827537,pv,1511663367
1000011,1705898,4827537,pv,1511663382
1000011,404297,2578647,pv,1511668803
1000011,2269790,2096639,pv,1511679182
1000011,730324,2096639,pv,1511679244
1000011,1866283,2096639,pv,1511679276
1000011,3978773,2096639,pv,1511679301
1000011,237076,1516409,pv,1511683652
1000011,293346,1595193,pv,1511683833
1000011,3991727,3108044,pv,1511683928
1000011,404297,2578647,pv,1511685053
1000011,106742,4339722,pv,1511685101
1000011,404297,2578647,pv,1511685125
1000011,293346,1595193,pv,1511699314
1000011,4802280,4827537,pv,1511740383
1000011,404297,2578647,pv,1511772680
1000011,1562898,154040,pv,1511772760
1000011,514051,154040,pv,1511772768
1000011,1684440,2735466,pv,1511778467
1000011,1891373,2735466,pv,1511778477
1000011,751298,2735466,pv,1511778501
1000011,4503852,2735466,pv,1511778505
1000011,2531901,2735466,pv,1511778511
1000011,404297,2578647,pv,1511842762
1000011,2237806,154040,pv,1511842776
1000011,106742,4339722,pv,1511853113
1000011,404297,2578647,pv,1511853621
1000011,106742,4339722,pv,1511855129
1000011,2740307,886203,pv,1511859303
1000011,1624701,3909718,pv,1511859316
1000011,1461565,886203,pv,1511859326
1000011,3844964,886203,pv,1511859342
1000011,2114287,886203,pv,1511859393
1000011,3048034,886203,pv,1511859400
1000011,3358820,886203,pv,1511859426
1000011,404297,2578647,pv,1511924494
1000011,453400,4756105,pv,1511948184
1000011,1812250,2355072,pv,1511965465
1000011,3735114,154040,pv,1512104148
1000011,2044407,2355072,fav,1512104462
1000011,84400,590997,pv,1512104477
1000011,4418560,4145813,pv,1512104517
1000011,1247347,2640118,fav,1512104539
1000011,1969563,4606718,pv,1512104554
1000011,4632023,4697972,fav,1512220032
1000011,4473980,2355072,fav,1512267426
1000011,4061696,982926,pv,1512273286
1000011,1706873,982926,pv,1512273294
1000011,3488746,982926,pv,1512273308
1000011,407610,982926,pv,1512273357
1000011,1132774,982926,pv,1512273395
1000011,931044,2355072,fav,1512298194
100002,5038146,4738961,pv,1511610824
100002,4402663,3611159,pv,1511610854
100002,2962064,4358294,pv,1511610895
100002,3323002,703487,pv,1511611143
100002,1388422,4708348,pv,1511611173
100002,3034883,523181,pv,1511611377
100002,1430817,344833,pv,1511611596
100002,5038146,4738961,pv,1511611712
100002,3425923,4993094,pv,1511612685
100002,5679,4993094,pv,1511613078
100002,1818697,4993094,pv,1511613230
100002,1822618,3844144,pv,1511613566
100002,1903110,2440115,pv,1511613832
100002,3313603,3496816,pv,1511672423
100002,4583352,1464116,pv,1511672853
100002,4334235,3561974,pv,1511673823
100002,3531454,4708262,pv,1511673825
100002,4334235,3561974,pv,1511673826
100002,1217377,3561974,pv,1511673889
100002,4334235,3561974,pv,1511673898
100002,5038146,4738961,pv,1511704878
100002,324802,2096639,pv,1511705000
100002,1309000,3680035,pv,1511705135
100002,332222,3680035,pv,1511706771
100002,3688473,4467019,pv,1511706773
100002,332222,3680035,pv,1511706850
100002,1585267,4806751,pv,1511839570
100002,1643256,4806751,pv,1511839687
100002,1585267,4806751,pv,1511840025
100002,2968522,4806751,pv,1511846926
100002,1585267,4806751,pv,1511847012
100002,2968522,4806751,fav,1511847622
100002,1585267,4806751,pv,1511847624
100002,2452885,4806751,fav,1511854685
100002,1585267,4806751,pv,1511861332
100002,2452885,4806751,pv,1511861477
100002,1585267,4806751,pv,1511861485
100002,2452885,4806751,pv,1511861880
100002,2968522,4806751,pv,1511862934
100002,2452885,4806751,pv,1511864359
100002,5159088,4806751,pv,1511865232
100002,2452885,4806751,pv,1511866043
100002,2500376,4159072,pv,1511869129
100002,2452885,4806751,pv,1511869436
100002,4417361,4806751,pv,1511871727
100002,2452885,4806751,pv,1511872476
100002,4928571,4806751,fav,1511873602
100002,2452885,4806751,pv,1511873605
100002,2953031,2885642,pv,1511877273
100002,2452885,4806751,pv,1511877582
100002,4417361,4806751,pv,1511878327
100002,2928801,1464116,pv,1511936087
100002,4046253,1464116,fav,1511943971
100002,3065876,772894,pv,1511955270
100002,2971911,2735466,pv,1512002438
100002,2667139,2735466,pv,1512002584
100002,2393145,772894,pv,1512019015
100002,2976687,772894,fav,1512019800
100002,2393145,772894,pv,1512019819
100002,3619456,1678374,pv,1512026842
100002,1372665,550660,pv,1512026935
100002,3710028,3673049,pv,1512027316
100002,2976687,772894,pv,1512040766
100002,3121556,772894,pv,1512041275
100002,2976687,772894,buy,1512043690
100002,4928571,4806751,pv,1512046188
100002,2976687,772894,pv,1512047583
100002,3068128,4806751,pv,1512049127
100002,2976687,772894,pv,1512051436
100002,305613,1678374,pv,1512054529
100002,437789,1988433,pv,1512055033
100002,4046253,1464116,pv,1512055694
100002,437789,1988433,pv,1512088975
100002,2826944,3561974,pv,1512117623
100002,2279428,2303546,pv,1512118233
100002,2667139,2735466,pv,1512131957
100002,3644430,4533189,fav,1512132643
100002,2472257,2493530,pv,1512133129
100002,3935544,4848899,pv,1512211933
100002,4564039,2070081,pv,1512212004
100002,2660418,411153,pv,1512212875
100002,2948973,2066340,pv,1512213270
100002,3532599,84264,pv,1512271509
100002,2657432,84264,pv,1512271727
100002,3532599,84264,pv,1512272051
100002,2332194,160181,fav,1512290100
100002,4046253,1464116,pv,1512291287
100002,2452885,4806751,pv,1512291555
100002,1177587,3439012,pv,1512291706
100002,3056094,1464116,pv,1512293026
100002,2928801,1464116,pv,1512294688
100002,3967184,1323466,pv,1512314289
1000027,946651,1884568,pv,1511700566
1000027,2070173,4217906,cart,1511704378
1000027,1934938,4718844,buy,1511934933
1000027,1688132,3548883,pv,1512122847
1000027,3713945,3548883,pv,1512122977
1000027,1688132,3548883,pv,1512123017
1000027,2327305,4532706,cart,1512143886
1000027,4302745,4532706,pv,1512144057
1000027,3662830,4263789,cart,1512144190
1000027,4302745,4532706,cart,1512144221
1000027,646869,3692903,cart,1512144238
1000027,4302745,4532706,pv,1512144350
1000027,2913671,4532706,pv,1512144357
1000027,1027890,4532706,pv,1512144383
1000027,2277034,3692903,pv,1512144427
1000027,1027890,4532706,pv,1512144450
1000027,4070233,4217906,pv,1512144840
1000027,1175547,2311290,pv,1512203173
1000027,3241094,3548883,buy,1512314102
1000028,1850341,2025483,pv,1511684583
1000028,2428956,1879194,pv,1511744266
1000028,4717045,5071267,pv,1511744316
1000028,5049814,3002561,pv,1511744960
1000028,2335149,4690421,pv,1511744967
1000028,1317359,3002561,pv,1511744974
1000028,2006028,4145813,pv,1511744987
1000028,855217,4145813,fav,1511745075
1000028,2842089,4145813,pv,1511745118
1000028,2217534,4145813,pv,1511745148
1000028,2842089,4145813,pv,1511745574
1000028,2217534,4145813,pv,1511745581
1000028,855217,4145813,pv,1511745664
1000028,3359227,3002561,pv,1511745710
1000028,560931,3002561,pv,1511746249
1000028,5049814,3002561,pv,1511746273
1000028,2955350,4145813,pv,1511764186
1000028,5049814,3002561,pv,1511764243
1000028,4472519,4145813,pv,1511764338
1000028,2955350,4145813,pv,1511853149
1000028,642845,4145813,pv,1511853218
1000028,5154311,4145813,pv,1511853229
1000028,2828948,4145813,fav,1511853291
1000028,829118,3002561,pv,1511853338
1000028,2678166,3002561,pv,1511853356
1000028,4291755,3002561,pv,1511853392
1000028,4889909,3002561,pv,1511853405
1000028,4598217,3002561,pv,1511853411
1000028,4098799,3002561,pv,1511853447
1000028,2136750,3002561,pv,1511853488
1000028,2750042,4145813,pv,1511853760
1000028,4242144,4145813,pv,1511853770
1000028,1242478,4145813,pv,1511854088
1000028,4663975,4145813,pv,1511854098
1000028,2723903,4145813,pv,1511856196
1000028,1242478,4145813,pv,1511856246
1000028,4908288,4145813,pv,1511856263
1000028,855217,4145813,pv,1511856419
1000028,2842089,4145813,pv,1511856519
1000028,461271,4145813,pv,1511856534
1000028,4022391,4145813,pv,1511856567
1000028,4818655,4145813,pv,1511856597
1000028,461271,4145813,fav,1511856763
1000028,855217,4145813,pv,1511856797
1000028,4908288,4145813,pv,1511856827
1000028,461271,4145813,pv,1511856840
1000028,4908288,4145813,pv,1511856843
1000028,461271,4145813,pv,1511857136
1000028,2217534,4145813,pv,1511857189
1000028,4818655,4145813,pv,1511857212
1000028,2678166,3002561,pv,1511857276
1000028,4650996,3002561,pv,1511857354
1000028,560931,3002561,pv,1511857403
1000028,3418092,3002561,pv,1511857463
1000028,1982857,3002561,pv,1511857506
1000028,2132929,3002561,pv,1511857560
1000028,890987,3002561,pv,1511857597
1000028,2440378,3002561,pv,1511857691
1000028,3822894,3002561,cart,1511858126
1000028,2203246,3002561,pv,1511858133
1000028,2190231,3002561,pv,1511858316
1000028,1358583,3002561,pv,1511858335
1000028,557241,3002561,pv,1511858473
1000028,1358583,3002561,pv,1511858563
1000028,1340093,3002561,pv,1511859207
1000028,4905597,4145813,pv,1511859232
1000028,1261381,3002561,pv,1511859276
1000028,3603317,3002561,pv,1511859404
1000028,2621260,722945,pv,1511934451
1000028,778926,2885642,pv,1511934484
1000028,2621260,722945,buy,1511934727
1000028,461271,4145813,pv,1511934752
1000028,1910706,1516409,buy,1512112339
1000028,4978290,3002561,pv,1512112948
1000028,1910706,1516409,pv,1512112956
1000028,4416401,757910,pv,1512113091
1000028,2342307,2529187,pv,1512113243
1000028,2026617,2529187,pv,1512113274
1000028,1265647,801221,pv,1512113416
1000028,2026617,2529187,fav,1512113429
1000028,3582347,4993094,pv,1512141423
1000028,4949016,285583,pv,1512174081
1000028,3241217,285583,pv,1512174275
1000028,1391781,401357,pv,1512187994
1000028,2750042,4145813,pv,1512193008
1000028,510539,3456641,pv,1512215644
1000028,3083031,4130426,pv,1512215783
1000028,3723578,4130426,fav,1512215911
1000028,4757411,3938045,pv,1512215981
1000028,2014138,3338209,pv,1512216028
1000028,2726698,3338209,fav,1512216080
1000028,3442548,3338209,pv,1512216085
1000028,2384317,3338209,pv,1512216109
1000028,100391,3338209,pv,1512216115
1000028,5024882,3338209,pv,1512216127
1000028,863811,3338209,buy,1512220119
1000028,3947413,634390,pv,1512266329
1000028,4640069,634390,pv,1512266450
1000028,3796824,634390,pv,1512266635
1000028,2600649,634390,pv,1512266658
1000028,3947413,634390,buy,1512267506
1000028,1059099,2520377,pv,1512311135
1000028,5015377,4022701,pv,1512311353
1000028,3717564,119741,pv,1512311708
1000028,4519765,4181361,pv,1512311765
1000028,3864020,4181361,pv,1512311776
1000028,4627188,1859277,pv,1512312039
1000028,1045462,4801426,pv,1512312312
1000028,1268758,3002561,pv,1512312606
1000028,1451706,4145813,pv,1512312615
1000028,1566478,4145813,pv,1512312623
1000028,1073874,3844144,pv,1512312782
1000028,124229,4498047,pv,1512312879
1000028,2234644,1009182,pv,1512312901
1000028,3984897,4993094,pv,1512313017
1000028,1893062,4145813,pv,1512313156
1000028,1278804,3598912,cart,1512313685
1000028,3783653,1074254,cart,1512313721
1000028,3740282,3598912,cart,1512313799
1000028,2298425,3158249,cart,1512313830
1000028,4875259,547606,pv,1512313866
1000028,3540173,4804883,pv,1512313936
1000028,4985685,3158249,cart,1512314093
1000028,756251,3158249,cart,1512314146
1000028,237758,3158249,cart,1512314222
1000028,1545095,3158249,cart,1512314324
1000028,80579,2407396,pv,1512314462
1000028,2558517,3598912,cart,1512314593
1000028,3958311,1646753,pv,1512314693
1000028,1332406,2940518,pv,1512314706
1000028,3958311,1646753,pv,1512314744
1000028,1332406,2940518,pv,1512314810
1000028,2826485,2940518,pv,1512314891
1000028,130862,246844,cart,1512315396
1000028,3099445,3944885,pv,1512315436
1000028,130862,246844,pv,1512315607
1000028,2808995,246844,pv,1512315622
1000028,130862,246844,pv,1512315711
1000028,4406528,246844,pv,1512315748
1000028,3189208,246844,pv,1512315916
1000028,4373095,246844,pv,1512316049
1000028,130862,246844,pv,1512316084
1000028,4406528,246844,pv,1512316208
1000028,4215869,246844,cart,1512316446
1000028,1138188,16219,cart,1512316506
1000028,3189208,246844,cart,1512316627
1000028,415998,3250334,pv,1512316670
1000028,4406528,246844,pv,1512316753
1000037,3616730,376030,pv,1511613741
1000037,435287,4129924,pv,1511613853
1000037,1437892,703487,pv,1511613948
1000037,1792937,703487,pv,1511613950
1000037,1437892,703487,pv,1511613951
1000037,4483211,703487,pv,1511614204
1000037,3561199,4817527,pv,1511867441
1000037,123989,1312642,pv,1511867453
1000037,4031999,2313309,pv,1511872684
1000037,4753136,890050,pv,1511872708
1000037,4120269,890050,pv,1511872715
1000037,4753136,890050,buy,1511872744
1000037,3233631,890050,buy,1511872788
1000037,1071479,2313309,pv,1511872820
1000037,4638593,4163659,pv,1511957260
1000037,1689621,4163659,pv,1511957272
1000037,3938585,4163659,pv,1511957283
1000037,3457648,4148053,pv,1511957315
1000037,2427580,2939262,pv,1511957325
1000037,378758,2939262,pv,1511957329
1000037,1692024,2939262,pv,1511957338
1000037,3149492,2735466,pv,1511958744
1000037,4062786,1879194,pv,1511958807
1000037,3355026,84264,pv,1511958862
1000037,4010287,4533189,pv,1511958909
1000037,4753136,890050,buy,1511959033
1000037,4219427,4533189,pv,1511959233
1000037,1857072,376030,pv,1511959828
1000037,3616730,376030,pv,1511960907
1000037,315911,376030,pv,1511962394
1000037,4808316,2154867,pv,1511962446
1000037,3371523,1859277,pv,1512025715
1000037,2367945,1859277,pv,1512025716
1000037,1591862,1320293,pv,1512025722
1000037,470623,703487,pv,1512098985
1000037,1437892,703487,pv,1512099077
1000037,315911,376030,pv,1512099357
1000037,2262199,2154867,pv,1512100281
1000037,4423605,2154867,pv,1512100286
1000037,4773509,2154867,pv,1512100293
1000037,1857072,376030,pv,1512100312
1000037,1677297,3694486,pv,1512100350
1000037,3039178,3694486,pv,1512100362
1000037,2828564,3694486,pv,1512100368
1000037,1677297,3694486,pv,1512100433
1000037,3688574,203249,pv,1512100488
1000037,1857072,376030,pv,1512100581
1000037,3616730,376030,pv,1512100894
1000037,1806110,376030,pv,1512100984
1000037,1611215,4178970,pv,1512101477
1000037,4167909,999755,pv,1512101858
1000037,1611215,4178970,pv,1512106218
1000037,1857072,376030,buy,1512107068
1000037,3264111,2188684,pv,1512107184
1000037,4921034,3549297,pv,1512107214
1000037,3441422,2154867,pv,1512107691
1000037,4045944,3549297,pv,1512108275
1000037,4495092,1686309,pv,1512120023
1000037,5150170,1686309,pv,1512120069
1000037,1484153,1686309,pv,1512120073
1000037,2974493,1686309,pv,1512120080
1000037,2973743,2106073,pv,1512120164
1000037,3867921,4524771,pv,1512120300
1000037,1602165,3252563,fav,1512121812
1000037,1220308,1299190,fav,1512121842
1000037,763873,5071267,pv,1512121871
1000037,3796012,5071267,pv,1512121894
1000037,303755,2550060,buy,1512125344
1000037,153634,4524771,pv,1512151089
1000037,333337,4550135,pv,1512151164
1000037,2329861,4524771,pv,1512151212
1000037,2843275,4550135,pv,1512151246
1000037,3743320,4550135,pv,1512151251
1000037,672087,4550135,pv,1512151304
1000037,1437343,3100080,fav,1512151607
1000037,1479721,5053508,pv,1512151679
1000037,4705547,1051370,pv,1512151709
1000037,4782588,1299190,pv,1512151728
1000037,2922990,2656238,pv,1512152003
1000037,4622270,1906712,pv,1512152106
1000037,2906740,3422001,pv,1512152177
1000037,3843094,3566895,fav,1512205229
1000037,1220308,1299190,pv,1512233620
1000037,2732998,3607626,pv,1512233869
1000037,4431835,1902453,pv,1512233965
1000037,1477128,1902453,pv,1512233974
1000037,4001416,1299190,pv,1512234116
1000037,2906740,3422001,pv,1512295606
1000040,3849409,4756105,pv,1511578189
1000040,3386371,2355072,pv,1511578330
1000040,2331370,3607361,pv,1511578403
1000040,3381470,4145813,pv,1511596534
1000040,3083057,3102419,pv,1511596593
1000040,1631499,4145813,pv,1511596604
1000040,248324,4145813,pv,1511596691
1000040,10899,4145813,pv,1511596740
1000040,4751733,4145813,pv,1511596743
1000040,3367752,4145813,pv,1511596797
1000040,1101356,4145813,pv,1511612519
1000040,4043471,4145813,pv,1511612529
1000040,2243461,4145813,pv,1511612573
1000040,4966998,4145813,pv,1511612583
1000040,4992653,4145813,pv,1511612592
1000040,1598074,4145813,pv,1511612640
1000040,1987784,4145813,pv,1511612679
1000040,248324,4145813,pv,1511612692
1000040,4541301,4145813,pv,1511612748
1000040,248324,4145813,pv,1511613430
1000040,1987784,4145813,pv,1511613438
1000040,595066,4145813,pv,1511613447
1000040,4369705,4145813,pv,1511613469
1000040,3838839,4145813,pv,1511613473
1000040,3008576,4145813,pv,1511613481
1000040,841034,4145813,pv,1511613560
1000040,3838839,4145813,pv,1511613598
1000040,2501731,4145813,pv,1511613689
1000040,841034,4145813,pv,1511613695
1000040,1208967,4145813,pv,1511613708
1000040,1101984,4145813,pv,1511613747
1000040,2501731,4145813,pv,1511613774
1000040,595066,4145813,pv,1511613836
1000040,2843491,4145813,pv,1511613892
1000040,4715598,4145813,pv,1511614027
1000040,767831,4145813,pv,1511614053
1000040,1066843,4690421,pv,1511627050
1000040,4333209,3002561,pv,1511627063
1000040,675589,2520771,pv,1511627230
1000040,2040903,4145813,pv,1511627240
1000040,4463971,3253357,pv,1511627336
1000040,4785201,149192,pv,1511627389
1000040,4872807,4756105,pv,1511627451
1000040,4945526,3160926,pv,1511627467
1000040,3506150,1676308,pv,1511627613
1000040,2580489,3017203,pv,1511627700
1000040,4656873,4962280,pv,1511627900
1000040,2905339,1320293,pv,1511627926
1000040,1598074,4145813,pv,1511677185
1000040,767831,4145813,pv,1511677538
1000040,344058,4145813,pv,1511677548
1000040,841034,4145813,pv,1511677580
1000040,2501731,4145813,pv,1511677658
1000040,841034,4145813,pv,1511677723
1000040,3643713,4145813,pv,1511677764
1000040,248324,4145813,cart,1511677890
1000040,3246783,4145813,pv,1511677890
1000040,898292,4145813,pv,1511677894
1000040,248324,4145813,pv,1511678068
1000040,2305737,4145813,pv,1511678083
1000040,1103144,4145813,pv,1511678093
1000040,3968543,4145813,pv,1511678106
1000040,3474345,4145813,pv,1511678129
1000040,1987784,4145813,pv,1511678169
1000040,1962813,4145813,pv,1511678185
1000040,3923973,4145813,pv,1511678221
1000040,4715598,4145813,pv,1511678278
1000040,248324,4145813,pv,1511678384
1000040,1101356,4145813,pv,1511691531
1000040,2171595,4145813,pv,1511691708
1000040,2243461,4145813,pv,1511691722
1000040,4541301,4145813,pv,1511691750
1000040,4960765,4145813,pv,1511691778
1000040,1118620,4145813,pv,1511691803
1000040,4821468,4145813,pv,1511691835
1000040,2320196,4145813,pv,1511691866
1000040,226821,4145813,pv,1511691935
1000040,1674340,4145813,pv,1511691972
1000040,4258341,4145813,pv,1511692115
1000040,585091,4145813,pv,1511693195
1000040,4966998,4145813,pv,1511693200
1000040,5155007,4145813,pv,1511693206
1000040,3602674,4145813,pv,1511693228
1000040,4795978,982926,pv,1511698138
1000040,477044,982926,pv,1511698202
1000040,806725,4145813,pv,1511706229
1000040,4258341,4145813,pv,1511706247
1000040,248324,4145813,pv,1511706832
1000040,3909833,570735,cart,1511755677
1000040,843709,570735,pv,1511755740
1000040,3303427,570735,pv,1511755746
1000040,4636223,570735,cart,1511755822
1000040,3909833,570735,pv,1511757534
1000040,4636223,570735,pv,1511757563
1000040,3909833,570735,pv,1511762952
1000040,4226968,570735,pv,1511763120
1000040,2044513,570735,pv,1511763134
1000040,2754226,570735,pv,1511763234
1000040,4752029,570735,pv,1511763248
1000040,2358177,570735,pv,1511763338
1000040,4981042,570735,pv,1511763391
1000040,843709,570735,pv,1511763483
1000040,3858544,570735,pv,1511763489
1000040,2922665,570735,pv,1511763551
1000040,4574098,570735,pv,1511763586
1000040,5160703,570735,pv,1511763602
1000040,3464539,570735,pv,1511764596
1000040,4928938,570735,pv,1511764601
1000040,3832388,570735,pv,1511781951
1000040,2331370,3607361,pv,1511781961
1000040,377159,1859277,pv,1511781979
1000040,2317377,1392527,pv,1511782027
1000040,2044478,4756105,pv,1511782046
1000040,3822751,4756105,pv,1511782056
1000040,601373,4756105,pv,1511782072
1000040,4772606,4756105,pv,1511782101
1000040,987588,4756105,pv,1511782125
1000040,4294336,4756105,pv,1511782139
1000040,3667452,4756105,pv,1511782164
1000040,601373,4756105,pv,1511782286
1000040,956343,3607361,pv,1511782301
1000040,1573985,3607361,pv,1511782310
1000040,4852598,3607361,pv,1511782330
1000040,4980758,4756105,pv,1511782351
1000040,3667452,4756105,pv,1511782450
1000040,4865425,4756105,pv,1511782517
1000040,1160380,4756105,pv,1511782622
1000040,3524356,1575622,pv,1511790557
1000040,2368045,1575622,pv,1511790605
1000040,3471238,1575622,cart,1511790642
1000040,1082963,1575622,pv,1511790662
1000040,121154,1575622,pv,1511790688
1000040,3787445,1575622,pv,1511790755
1000040,972831,1575622,pv,1511790797
1000040,3966206,1575622,pv,1511790816
1000040,4813503,1575622,pv,1511790825
1000040,1783293,1575622,pv,1511790828
1000040,4263223,1575622,pv,1511790845
1000040,326278,1575622,pv,1511790882
1000040,4942505,1575622,pv,1511790896
1000040,3057044,149192,pv,1511795718
1000040,4527261,149192,pv,1511795725
1000040,2336255,149192,pv,1511795910
1000040,5014171,149192,pv,1511796021
1000040,4191175,149192,pv,1511796056
1000040,3471238,1575622,pv,1511797924
1000040,3524356,1575622,pv,1511798383
1000040,1610932,1575622,pv,1511798431
1000040,4944872,1575622,pv,1511798442
1000040,1630357,1575622,pv,1511798474
1000040,13215,1575622,pv,1511798560
1000040,2031423,1575622,pv,1511798597
1000040,1514222,1575622,pv,1511798615
1000040,4413999,1575622,pv,1511798618
1000040,2492167,1575622,pv,1511798633
